student_id,name,gender,department,semester,attendance_percent,Maths,Python,DBMS,Data Structures,Java,total,percentage,grade
DS2024001,Varun Gupta,Male,Artificial Intelligence,4,84.5,94,66,56,87,83,386,77.2,A
DS2024002,Aarav Patel,Male,Data Science,3,68.8,67,70,63,65,77,342,68.4,B
DS2024003,Simran Sharma,Male,Information Technology,5,80.9,84,76,71,69,83,383,76.6,A
DS2024004,Meera Pandey,Female,Computer Science,6,58.4,65,62,82,79,59,347,69.4,B
DS2024005,Simran Mehta,Male,Computer Science,3,73.8,59,96,73,82,67,377,75.4,A
DS2024006,Dev Mehta,Male,Artificial Intelligence,5,83.8,85,91,70,71,72,389,77.8,A
DS2024007,Neha Singh,Male,Information Technology,6,79.4,100,73,69,67,93,402,80.4,A
DS2024008,Ananya Singh,Male,Artificial Intelligence,6,81.3,84,97,68,70,91,410,82.0,A
DS2024009,Siddharth Kulkarni,Male,Artificial Intelligence,4,82.2,90,75,91,85,70,411,82.2,A
DS2024010,Diya Rao,Female,Computer Science,3,85.3,72,86,91,68,71,388,77.6,A
DS2024011,Pooja Kulkarni,Female,Computer Science,3,77.4,63,74,91,84,83,395,79.0,A
DS2024012,Dev Sharma,Female,Data Science,3,87.2,70,68,66,88,92,384,76.8,A
DS2024013,Anushka Agarwal,Male,Artificial Intelligence,6,100.0,83,95,65,78,83,404,80.8,A
DS2024014,Manish Shah,Male,Computer Science,6,92.0,50,72,77,64,56,319,63.8,C
DS2024015,Sneha Joshi,Female,Data Science,4,79.9,65,71,67,86,69,358,71.6,B
DS2024016,Diya Singh,Male,Artificial Intelligence,3,76.5,71,76,79,70,69,365,73.0,B
DS2024017,Manish Verma,Female,Computer Science,4,80.2,88,59,72,87,66,372,74.4,B
DS2024018,Diya Mishra,Female,Data Science,3,89.8,84,67,83,76,61,371,74.2,B
DS2024019,Varun Gupta,Male,Information Technology,5,83.4,71,81,89,81,82,404,80.8,A
DS2024020,Dev Singh,Male,Information Technology,3,100.0,93,94,55,99,70,411,82.2,A
DS2024021,Sneha Chopra,Female,Information Technology,4,94.8,61,79,79,59,95,373,74.6,B
DS2024022,Shreya Kulkarni,Female,Information Technology,6,86.3,85,91,74,59,72,381,76.2,A
DS2024023,Ananya Verma,Female,Data Science,3,85.6,76,83,91,73,70,393,78.6,A
DS2024024,Priya Shah,Male,Computer Science,3,71.6,81,49,71,79,91,371,74.2,B
DS2024025,Diya Joshi,Female,Data Science,5,62.0,79,74,72,62,63,350,70.0,B
DS2024026,Priya Patel,Male,Artificial Intelligence,4,99.0,70,87,72,91,97,417,83.4,A
DS2024027,Yash Kumar,Male,Artificial Intelligence,3,86.5,75,81,81,69,74,380,76.0,A
DS2024028,Pooja Reddy,Female,Data Science,5,75.2,75,78,73,61,60,347,69.4,B
DS2024029,Ananya Sharma,Female,Data Science,5,87.1,87,73,64,97,94,415,83.0,A
DS2024030,Yash Rao,Male,Artificial Intelligence,4,79.6,77,59,95,79,75,385,77.0,A
DS2024031,Meera Reddy,Male,Computer Science,5,85.5,54,64,85,91,98,392,78.4,A
DS2024032,Simran Nair,Male,Information Technology,3,90.8,100,80,67,69,62,378,75.6,A
DS2024033,Diya Joshi,Male,Computer Science,6,94.4,63,82,98,69,81,393,78.6,A
DS2024034,Shreya Singh,Male,Computer Science,4,76.2,81,92,83,67,86,409,81.8,A
DS2024035,Tanvi Saxena,Female,Computer Science,3,87.0,71,50,62,92,81,356,71.2,B
DS2024036,Meera Bhat,Female,Computer Science,6,86.7,73,88,80,57,75,373,74.6,B
DS2024037,Tanvi Reddy,Female,Information Technology,3,100.0,72,68,68,96,96,400,80.0,A
DS2024038,Arjun Kumar,Female,Artificial Intelligence,6,78.3,62,81,91,62,88,384,76.8,A
DS2024039,Sneha Pandey,Female,Information Technology,3,79.9,83,79,61,71,87,381,76.2,A
DS2024040,Tanvi Reddy,Female,Data Science,3,79.2,92,72,72,83,73,392,78.4,A
DS2024041,Isha Singh,Male,Data Science,3,100.0,89,65,67,57,86,364,72.8,B
DS2024042,Nikhil Reddy,Female,Information Technology,6,82.5,92,95,77,77,71,412,82.4,A
DS2024043,Riya Singh,Male,Information Technology,3,63.2,64,77,77,60,76,354,70.8,B
DS2024044,Anushka Pandey,Female,Information Technology,6,87.5,65,92,66,69,79,371,74.2,B
DS2024045,Diya Joshi,Female,Data Science,5,68.8,80,75,84,77,71,387,77.4,A
DS2024046,Vikram Singh,Female,Data Science,4,90.5,82,67,75,81,89,394,78.8,A
DS2024047,Manish Shah,Male,Information Technology,6,90.4,78,78,56,89,74,375,75.0,A
DS2024048,Neha Saxena,Male,Information Technology,4,80.5,89,63,87,81,59,379,75.8,A
DS2024049,Raj Kulkarni,Male,Computer Science,6,70.9,65,84,80,79,69,377,75.4,A
DS2024050,Karan Deshmukh,Female,Data Science,6,74.9,91,62,88,79,68,388,77.6,A
DS2024051,Rohan Mishra,Male,Computer Science,5,82.5,80,79,76,84,78,397,79.4,A
DS2024052,Raj Sharma,Male,Data Science,4,77.6,76,87,72,75,86,396,79.2,A
DS2024053,Pooja Pandey,Male,Data Science,5,83.6,78,70,92,87,74,401,80.2,A
DS2024054,Yash Reddy,Male,Data Science,3,79.5,67,68,58,80,62,335,67.0,B
DS2024055,Ananya Mehta,Female,Artificial Intelligence,3,73.8,74,87,58,97,92,408,81.6,A
DS2024056,Varun Kulkarni,Male,Information Technology,4,79.6,47,73,96,64,73,353,70.6,B
DS2024057,Riya Shah,Female,Artificial Intelligence,4,83.9,73,83,71,62,80,369,73.8,B
DS2024058,Siddharth Bhat,Male,Information Technology,5,84.6,84,80,67,89,65,385,77.0,A
DS2024059,Karan Saxena,Male,Data Science,3,82.5,88,69,74,59,79,369,73.8,B
DS2024060,Dev Sharma,Male,Artificial Intelligence,4,76.5,80,70,66,66,72,354,70.8,B
DS2024061,Neha Saxena,Female,Artificial Intelligence,6,81.1,84,81,81,86,85,417,83.4,A
DS2024062,Amit Nair,Male,Data Science,6,80.0,90,77,61,97,73,398,79.6,A
DS2024063,Isha Singh,Female,Data Science,5,93.1,79,74,100,62,73,388,77.6,A
DS2024064,Vikram Mishra,Male,Computer Science,5,72.5,77,76,78,86,70,387,77.4,A
DS2024065,Raj Patel,Female,Information Technology,3,69.9,66,86,90,78,73,393,78.6,A
DS2024066,Diya Gupta,Female,Data Science,6,72.7,78,96,49,69,89,381,76.2,A
DS2024067,Pooja Gupta,Male,Data Science,5,79.2,70,78,80,88,76,392,78.4,A
DS2024068,Pooja Mishra,Female,Computer Science,4,80.3,85,79,73,77,85,399,79.8,A
DS2024069,Shreya Shah,Male,Information Technology,3,69.5,70,91,63,80,77,381,76.2,A
DS2024070,Isha Pandey,Female,Information Technology,3,74.5,77,68,80,63,72,360,72.0,B
DS2024071,Pooja Verma,Female,Artificial Intelligence,5,88.4,79,67,58,75,76,355,71.0,B
DS2024072,Amit Joshi,Male,Data Science,6,72.3,73,68,100,56,82,379,75.8,A
DS2024073,Rohan Mishra,Female,Information Technology,5,80.2,81,82,86,60,76,385,77.0,A
DS2024074,Siddharth Saxena,Male,Information Technology,3,78.9,85,87,74,43,73,362,72.4,B
DS2024075,Tanvi Saxena,Female,Information Technology,3,85.3,86,77,61,77,69,370,74.0,B
DS2024076,Anushka Rao,Female,Information Technology,6,99.5,100,73,74,87,91,425,85.0,A+
DS2024077,Anushka Chopra,Male,Data Science,3,77.6,77,82,64,73,63,359,71.8,B
DS2024078,Karan Chopra,Female,Information Technology,4,77.2,77,81,89,75,69,391,78.2,A
DS2024079,Rohan Joshi,Female,Artificial Intelligence,5,85.1,69,72,91,90,77,399,79.8,A
DS2024080,Vikram Kulkarni,Female,Artificial Intelligence,5,71.3,70,65,77,81,90,383,76.6,A
DS2024081,Nikhil Deshmukh,Male,Information Technology,3,77.8,87,85,70,95,74,411,82.2,A
DS2024082,Varun Rao,Female,Computer Science,4,70.0,74,89,58,62,79,362,72.4,B
DS2024083,Dev Sharma,Male,Information Technology,4,96.0,87,77,94,75,81,414,82.8,A
DS2024084,Rahul Saxena,Female,Artificial Intelligence,6,83.7,74,91,83,100,58,406,81.2,A
DS2024085,Neha Patel,Female,Computer Science,3,69.0,80,77,72,77,65,371,74.2,B
DS2024086,Meera Chopra,Male,Data Science,6,67.4,66,76,78,84,63,367,73.4,B
DS2024087,Diya Mishra,Male,Data Science,6,75.5,66,63,55,66,77,327,65.4,B
DS2024088,Anushka Nair,Male,Information Technology,5,89.6,77,94,74,69,80,394,78.8,A
DS2024089,Siddharth Mishra,Male,Data Science,6,71.4,68,84,74,90,72,388,77.6,A
DS2024090,Karan Sharma,Male,Information Technology,5,83.0,69,79,69,80,84,381,76.2,A
DS2024091,Amit Rao,Male,Computer Science,5,82.6,74,73,81,85,71,384,76.8,A
DS2024092,Riya Nair,Male,Data Science,5,62.5,68,77,65,78,61,349,69.8,B
DS2024093,Shreya Kumar,Female,Computer Science,6,86.8,76,98,73,72,47,366,73.2,B
DS2024094,Simran Saxena,Female,Computer Science,6,93.1,79,62,83,71,65,360,72.0,B
DS2024095,Raj Mehta,Male,Data Science,6,100.0,83,57,70,80,83,373,74.6,B
DS2024096,Raj Kulkarni,Female,Information Technology,3,95.9,99,74,91,98,92,454,90.8,A+
DS2024097,Vikram Deshmukh,Female,Artificial Intelligence,6,69.6,65,86,63,82,61,357,71.4,B
DS2024098,Karan Verma,Female,Data Science,6,75.8,78,55,99,59,93,384,76.8,A
DS2024099,Varun Mehta,Male,Information Technology,5,83.7,82,84,67,68,63,364,72.8,B
DS2024100,Pooja Sharma,Male,Artificial Intelligence,4,97.8,78,85,99,65,74,401,80.2,A
DS2024101,Raj Singh,Female,Data Science,3,77.6,100,89,74,77,70,410,82.0,A
DS2024102,Simran Sharma,Male,Computer Science,5,83.6,69,74,83,94,82,402,80.4,A
DS2024103,Arjun Gupta,Male,Information Technology,6,83.9,64,87,85,80,76,392,78.4,A
DS2024104,Shreya Agarwal,Female,Information Technology,3,91.5,83,64,88,54,79,368,73.6,B
DS2024105,Rohan Patel,Female,Data Science,3,90.8,89,63,69,67,88,376,75.2,A
DS2024106,Isha Kulkarni,Female,Computer Science,3,89.9,65,80,60,80,89,374,74.8,B
DS2024107,Diya Chopra,Female,Information Technology,6,78.5,78,61,83,71,80,373,74.6,B
DS2024108,Kritika Mishra,Male,Computer Science,3,85.4,80,75,57,63,72,347,69.4,B
DS2024109,Anushka Saxena,Female,Computer Science,6,73.9,88,75,53,70,46,332,66.4,B
DS2024110,Pooja Kumar,Female,Computer Science,4,87.8,88,83,69,72,75,387,77.4,A
DS2024111,Karan Shah,Male,Information Technology,3,71.8,64,73,72,72,93,374,74.8,B
DS2024112,Kritika Bhat,Female,Computer Science,4,90.0,67,73,81,76,76,373,74.6,B
DS2024113,Neha Agarwal,Male,Information Technology,6,77.0,77,72,84,89,70,392,78.4,A
DS2024114,Manish Verma,Male,Data Science,3,78.7,68,69,65,67,79,348,69.6,B
DS2024115,Amit Agarwal,Male,Artificial Intelligence,6,92.4,89,67,71,75,85,387,77.4,A
DS2024116,Pooja Verma,Male,Data Science,5,96.5,73,80,70,88,88,399,79.8,A
DS2024117,Riya Nair,Male,Information Technology,4,65.0,73,75,69,75,71,363,72.6,B
DS2024118,Aarav Kulkarni,Male,Artificial Intelligence,6,69.3,66,69,77,84,75,371,74.2,B
DS2024119,Shreya Pandey,Female,Artificial Intelligence,3,78.1,78,65,80,95,86,404,80.8,A
DS2024120,Neha Bhat,Male,Artificial Intelligence,4,93.3,85,71,77,80,68,381,76.2,A
DS2024121,Raj Rao,Male,Computer Science,4,81.8,83,87,91,100,89,450,90.0,A+
DS2024122,Varun Mishra,Female,Information Technology,5,90.3,66,80,81,69,81,377,75.4,A
DS2024123,Karan Shah,Male,Artificial Intelligence,3,78.3,87,95,83,95,86,446,89.2,A+
DS2024124,Simran Patel,Female,Information Technology,3,66.4,80,68,66,67,74,355,71.0,B
DS2024125,Ananya Kulkarni,Male,Artificial Intelligence,3,76.5,75,75,87,63,80,380,76.0,A
DS2024126,Sneha Mehta,Female,Artificial Intelligence,6,75.1,80,59,64,73,72,348,69.6,B
DS2024127,Priya Saxena,Female,Artificial Intelligence,5,79.8,60,94,63,69,88,374,74.8,B
DS2024128,Vikram Mehta,Female,Information Technology,4,64.4,59,69,83,78,54,343,68.6,B
DS2024129,Tanvi Agarwal,Male,Information Technology,5,89.7,79,87,75,78,71,390,78.0,A
DS2024130,Vikram Rao,Male,Artificial Intelligence,3,70.8,74,73,61,62,55,325,65.0,B
DS2024131,Pooja Rao,Female,Data Science,4,87.8,93,60,61,77,74,365,73.0,B
DS2024132,Meera Singh,Female,Artificial Intelligence,6,82.7,84,95,72,82,72,405,81.0,A
DS2024133,Tanvi Shah,Female,Information Technology,5,83.9,64,71,80,81,91,387,77.4,A
DS2024134,Simran Joshi,Male,Information Technology,5,78.1,74,88,58,71,94,385,77.0,A
DS2024135,Karan Kulkarni,Male,Information Technology,3,88.0,75,68,80,81,78,382,76.4,A
DS2024136,Arjun Mehta,Male,Information Technology,3,80.5,78,95,67,65,60,365,73.0,B
DS2024137,Vikram Verma,Female,Information Technology,4,82.6,64,58,61,84,77,344,68.8,B
DS2024138,Vikram Saxena,Female,Computer Science,5,82.4,82,77,92,73,74,398,79.6,A
DS2024139,Raj Mishra,Male,Data Science,4,81.9,77,68,88,83,91,407,81.4,A
DS2024140,Arjun Mehta,Male,Computer Science,6,83.9,74,69,84,76,66,369,73.8,B
DS2024141,Rohan Mehta,Male,Computer Science,5,87.6,85,69,91,85,63,393,78.6,A
DS2024142,Yash Mishra,Male,Data Science,3,77.4,50,83,77,81,53,344,68.8,B
DS2024143,Rahul Kumar,Female,Information Technology,5,94.6,82,74,100,94,83,433,86.6,A+
DS2024144,Karan Gupta,Female,Information Technology,6,81.2,53,54,96,63,76,342,68.4,B
DS2024145,Kritika Agarwal,Female,Computer Science,6,92.8,85,84,66,76,82,393,78.6,A
DS2024146,Tanvi Kumar,Female,Information Technology,6,86.9,87,60,83,90,69,389,77.8,A
DS2024147,Riya Joshi,Male,Computer Science,6,71.4,89,63,50,84,86,372,74.4,B
DS2024148,Shreya Kulkarni,Male,Data Science,3,83.1,92,59,97,83,78,409,81.8,A
DS2024149,Dev Mehta,Female,Information Technology,3,72.1,68,62,84,74,80,368,73.6,B
DS2024150,Neha Nair,Female,Information Technology,3,81.5,85,41,88,71,100,385,77.0,A
DS2024151,Kavya Reddy,Male,Data Science,3,63.6,80,69,75,64,54,342,68.4,B
DS2024152,Rahul Mehta,Male,Artificial Intelligence,5,90.4,64,92,71,81,65,373,74.6,B
DS2024153,Priya Reddy,Male,Data Science,6,93.3,81,65,93,64,73,376,75.2,A
DS2024154,Rohan Patel,Female,Information Technology,6,66.8,70,75,70,89,71,375,75.0,A
DS2024155,Dev Kulkarni,Female,Data Science,4,82.5,71,54,76,83,65,349,69.8,B
DS2024156,Isha Nair,Male,Artificial Intelligence,4,69.9,96,91,61,74,90,412,82.4,A
DS2024157,Anushka Joshi,Male,Artificial Intelligence,3,76.5,75,81,73,66,61,356,71.2,B
DS2024158,Pooja Bhat,Male,Computer Science,3,94.4,83,64,71,80,67,365,73.0,B
DS2024159,Varun Sharma,Female,Artificial Intelligence,5,65.8,75,70,65,77,75,362,72.4,B
DS2024160,Dev Chopra,Female,Information Technology,4,79.3,81,82,68,86,75,392,78.4,A
DS2024161,Siddharth Rao,Female,Computer Science,5,82.2,82,71,78,100,85,416,83.2,A
DS2024162,Simran Pandey,Female,Data Science,4,90.1,54,76,71,97,100,398,79.6,A
DS2024163,Dev Mishra,Female,Information Technology,3,89.6,84,70,80,75,76,385,77.0,A
DS2024164,Isha Mishra,Female,Artificial Intelligence,3,87.5,68,90,65,78,67,368,73.6,B
DS2024165,Siddharth Verma,Male,Artificial Intelligence,5,91.5,84,79,69,95,77,404,80.8,A
DS2024166,Priya Rao,Male,Information Technology,5,84.3,67,94,70,81,89,401,80.2,A
DS2024167,Arjun Verma,Male,Computer Science,4,78.3,56,69,75,80,72,352,70.4,B
DS2024168,Kritika Pandey,Female,Data Science,6,96.7,78,76,88,85,67,394,78.8,A
DS2024169,Yash Shah,Female,Information Technology,3,72.9,87,89,73,80,58,387,77.4,A
DS2024170,Yash Sharma,Female,Artificial Intelligence,4,79.9,62,83,89,60,61,355,71.0,B
DS2024171,Vikram Singh,Male,Computer Science,4,89.8,79,87,91,62,88,407,81.4,A
DS2024172,Kritika Mishra,Male,Data Science,4,52.4,56,60,72,83,68,339,67.8,B
DS2024173,Anushka Bhat,Female,Artificial Intelligence,6,84.4,84,69,74,86,75,388,77.6,A
DS2024174,Isha Reddy,Female,Artificial Intelligence,6,69.8,95,77,66,86,86,410,82.0,A
DS2024175,Siddharth Deshmukh,Female,Data Science,5,100.0,87,100,91,69,64,411,82.2,A
DS2024176,Aditya Reddy,Female,Artificial Intelligence,4,93.4,90,79,82,85,74,410,82.0,A
DS2024177,Diya Verma,Male,Information Technology,5,81.2,71,76,75,52,68,342,68.4,B
DS2024178,Riya Mishra,Female,Data Science,5,76.4,90,79,73,63,69,374,74.8,B
DS2024179,Neha Verma,Male,Information Technology,4,84.2,75,87,60,84,94,400,80.0,A
DS2024180,Simran Kumar,Male,Computer Science,5,78.1,73,85,75,89,75,397,79.4,A
DS2024181,Kavya Rao,Female,Artificial Intelligence,4,84.9,68,75,61,76,75,355,71.0,B
DS2024182,Rahul Kumar,Male,Data Science,6,87.0,65,91,86,80,83,405,81.0,A
DS2024183,Rahul Singh,Male,Artificial Intelligence,6,83.4,95,85,74,76,75,405,81.0,A
DS2024184,Varun Mehta,Male,Computer Science,3,76.8,77,66,52,90,63,348,69.6,B
DS2024185,Yash Gupta,Female,Artificial Intelligence,4,82.9,82,87,91,67,69,396,79.2,A
DS2024186,Anushka Mishra,Male,Data Science,3,71.1,72,58,93,90,88,401,80.2,A
DS2024187,Manish Agarwal,Male,Data Science,4,76.9,87,81,80,71,73,392,78.4,A
DS2024188,Arjun Kulkarni,Male,Information Technology,4,72.1,73,86,79,81,58,377,75.4,A
DS2024189,Siddharth Joshi,Male,Data Science,3,89.9,81,100,91,81,76,429,85.8,A+
DS2024190,Kritika Mishra,Male,Artificial Intelligence,6,84.1,82,65,63,87,74,371,74.2,B
DS2024191,Manish Deshmukh,Female,Information Technology,6,100.0,93,84,75,83,75,410,82.0,A
DS2024192,Anushka Deshmukh,Male,Data Science,3,83.0,46,59,80,67,81,333,66.6,B
DS2024193,Diya Singh,Female,Artificial Intelligence,4,78.6,100,75,70,80,65,390,78.0,A
DS2024194,Amit Sharma,Male,Data Science,3,83.9,78,63,67,94,82,384,76.8,A
DS2024195,Siddharth Kulkarni,Male,Data Science,3,100.0,100,82,100,67,73,422,84.4,A
DS2024196,Amit Bhat,Male,Artificial Intelligence,4,92.9,77,71,83,64,73,368,73.6,B
DS2024197,Neha Nair,Female,Information Technology,3,100.0,75,70,63,75,90,373,74.6,B
DS2024198,Vikram Kumar,Female,Data Science,6,82.4,84,80,72,73,77,386,77.2,A
DS2024199,Riya Chopra,Male,Information Technology,4,81.7,86,87,82,67,86,408,81.6,A
DS2024200,Raj Reddy,Male,Artificial Intelligence,6,76.4,62,80,70,77,58,347,69.4,B
